id,phone
user_729e1ce4a004,9931034131
user_13387bd15c70,9647525534
user_b2f8e5899523,9192832764
user_dff6c6a32e2b,9835030564
user_0799c1e0aa79,9139537672
user_dc89d9254884,9423884969
user_efee76218cef,9653287101
user_27463adefa2c,9226916697
user_e1703ac71798,9848018451
user_20b5ef7f2b7e,9462704828
user_6c424fedb1c4,9148932528
user_93a86fdb75c1,9809570154
user_0f5ee7431a29,9303911718
user_7caf430d1c73,9227824896
user_c572a5c37135,9383465787
user_f070b490b21c,9133150983
user_1f1f1550dfe2,9136783777
user_4ba286589aef,9014363495
user_75c9234c85a7,9788568557
user_6d96e45b22ce,9444313518
user_d647bb6a4643,9233749894
user_dbdc4ba4ba64,9134352408
user_46645c1232f7,9240084271
user_7cb20e3473e2,9094777520
user_df11d69ae764,9471167190
user_3dc5f3c6b239,9229413186
user_3dab6215c0c2,9999386774
user_781dca5c4510,9964990913
user_7f3c578fd9ac,9341232812
user_fb4ff094348a,9067974034
user_812b5658026d,9471349361
user_dacc32a4fd8c,9832421024
user_1baf08b85d4b,9994717464
user_2a8845cbfeac,9887719065
user_a69e8c0ce76e,9940139904
user_060fc628f1a2,9902787429
user_c65b74b0d3e8,9671756551
user_b70f5398b43f,9256746807
user_419fcf5d9310,9154516808
user_b5aa8d5b942e,9760385977
user_a4fb5f1b6794,9034824771
user_cff09baeeb82,9093248086
user_73290a32724d,9131712748
user_6e4e50d01792,9467737826
user_6c5804345b28,9398214658
user_450a8b3823c6,9404499727
user_1240906919d7,9875588675
user_aa84f243b02a,9339636057
user_d98a1c1ad96f,9662702895
user_126f4a1c0fcd,9171870262
user_8e9f55500d4f,9174596158
user_5c125791dbc3,9657809134
user_f0866ab7fc70,9316117240
user_3eef2ce7170a,9050455623
user_429eae2d9760,9869222196
user_5b98dc25dce3,9937923747
user_a09dacdbc852,9407482175
user_79df01817381,9946474367
user_2bb20f4692c5,9136959440
user_d68a54b21630,9640909743
user_ae3b035355f2,9953394210
user_2ee878d7d678,9470952145
user_09829aa88749,9623285884
user_dd503d1addff,9247451712
user_643701be9d4c,9368516048
user_f38012ed13ee,9175496513
user_ab4709190e1b,9709859317
user_fc89ef49ba45,9461200471
user_7af6074b78d3,9138267586
user_63a2b0ef3454,9926179640
user_29cf6c81029e,9537735158
user_d16e5f51ee35,9506431713
user_5679c8e2026c,9900532931
user_70429f82b7f1,9839335290
user_e691409b2c11,9422842102
user_e06854726029,9053950240
user_e8759c3f3df2,9268117758
user_f96b9c4feb45,9917839084
user_978e3fa7ed3f,9700766177
user_b28ca8e28aa8,9115921249
user_9e5e2a02b023,9985698478
user_b443ec6b1d55,9961183673
user_252efd2ca5eb,9657661565
user_2c1c2bfbc048,9452711116
user_9eaeaf426361,9152809885
user_d03bcbb5e44c,9165604945
user_22f608a4afd3,9198327315
user_25bb36ba524d,9851493689
user_ddc55858d391,9980940244
user_f9fcad80f7fb,9550229612
user_ed7107ae5d30,9018366752
user_bbb2eac349e2,9545991022
user_d11305cde1dc,9901476797
user_91150bac509d,9643815614
user_5806479557b5,9978403690
user_bf6e18c96607,9034324451
user_ae9bd27c2513,9076226838
user_05a6fd236903,9851606071
user_6014f60fdd7e,9596966416
user_f0c3bd67ea96,9052975161
user_21c161adc224,9369681645
user_56b30ddb43b8,9352181883
user_428585e2fc60,9552312432
user_0afe2308c08c,9921277997
user_4cfbd02b6545,9995527177
user_9c2fc91229b2,9449058147
user_e4a80fe2bff6,9700541199
user_e8d9df4dea5a,9867980793
user_8b1674ddf136,9597820715
user_d34234578e11,9182037788
user_6c0077234a16,9925546659
user_954ed0fe0660,9051518644
user_6d6e829b4979,9925192546
user_b1e3ba6ddd98,9291486528
user_ea113301e3e2,9168505423
user_792f4ddda8f3,9573322141
user_41165e898002,9888059296
user_8992b79c496d,9222927065
user_8b0df7a2591f,9379473834
user_6da8903c4508,9735977468
user_872805b1387d,9862392407
user_47ef2fd6a4f9,9581814124
user_527242cc2276,9782613750
user_71994f19f5b2,9606853615
user_3d427e61f0fe,9305152204
user_72ea49cfcb62,9727790104
user_e7fc44d856c8,9328986143
user_1b3cb2b30594,9410369711
user_10ea2065726d,9798089324
user_8b4e8eba946d,9609539621
user_d2781d36ea53,9851888880
user_7c92ff74bce8,9670654051
user_c9118c833877,9531952058
user_b1071ac77785,9527722170
user_8b28f439709e,9430305486
user_960427cffe0b,9874034505
user_1d80ce394722,9415667652
user_269d0d243dab,9775841616
user_1b8534472084,9928451154
user_a5fe482ac5c3,9479627570
user_fb150cf54d9d,9596401658
user_277a8e4c62de,9202970213
user_065b43c45d94,9556909275
user_88a7b1c63c32,9571928565
user_7a317689e548,9431027868
user_0455d72cbe38,9144739473
user_9e805e7b0237,9121727155
user_b43df15e2c85,9188442258
user_91d9054d4f95,9313237058
user_9edeaf2f1fb3,9957829114
user_cead78ce78ac,9678669125
user_7c6c10b36b6f,9177852892
user_4417afe7189a,9268018242
user_1304f1af7579,9253584143
user_7c66f39d1a3b,9842498182
user_ad6e9ea41320,9992299590
user_02ce833738da,9010943969
user_cb4f8d5c3332,9078447364
user_ec94ec1c11a7,9710276773
user_9ced477a12c3,9592555625
user_231241f9c305,9881537147
user_6e9bc819c5a5,9321046963
user_5db631a8a77d,9259532787
user_83f9051d7d87,9747016873
user_1d0dbc1a14e0,9395004797
user_3529d736c55f,9480162456
user_27871812d614,9506098358
user_b49279610ef3,9416878499
user_487c9280e5cc,9121655852
user_c78b1913c007,9398680002
user_aa67893dcaba,9578729825
user_3a15e6adcf24,9952694958
user_3fbc71d0464e,9887947055
user_4ffff55611e5,9169409749
user_9016229c1ef0,9930972896
user_181d1656563e,9230913075
user_c423b2e4c96e,9626368970
user_92752d884b92,9283857865
user_3a3df93f5ce2,9278585497
user_b0f02ad34df9,9334843443
user_eb8bb30e44e7,9757584419
user_9a74beaddf98,9866524041
user_390cb766ceb6,9574733848
user_24ca23300896,9421993308
user_5bb9a168d52d,9330165712
user_00211e0b6f39,9082677345
user_9d04a4a4a587,9401938026
user_58e47c7e6fb8,9206724004
user_ee8e648fc150,9991547887
user_eb55a1d3a25a,9287431527
user_9d000bba815e,9420549329
user_531c1ad53fc1,9668516122
user_60ab90887cd5,9753046374
user_7e815935c370,9549904530
user_bb9a96c4347f,9174268414
user_84c9d782f0c2,9593327279
user_804306b8b89b,9568783391
user_7c352f733e6b,9878519108
user_5e7bd5d44e00,9839822587
user_8a957b806be0,9139718707
user_2858eaf6553e,9286790874
user_648e1de46221,9064039106
user_306b71180916,9518017046
user_018a1d388a10,9226567661
user_bdfbb0174bd6,9825128682
user_b2d8649154d2,9300478686
user_58659591127d,9337524310
user_1796806722e1,9690331190
user_40a5481f4540,9790306738
user_9b000aab5f89,9302843959
user_fae3d8b8582c,9953428364
user_1910158ed5e1,9408926870
user_868ebb44e719,9568566246
user_d79b32545da4,9287334270
user_b5bd7cac5706,9866882634
user_8d4ff26c4b31,9351751830
user_dee38bae2c32,9469901398
user_e2d2a60e5c91,9373540331
user_69732052a162,9739363854
user_117f380e3e3a,9678544587
user_91b73861ee7e,9717535560
user_d749764eb2f2,9932048996
user_162161dca855,9423536937
user_b17434315a85,9854777252
user_128ecfa38c6a,9287280801
user_d34a2fdceb68,9006231203
user_a231d14ba0e0,9875099770
user_3a2d35aec537,9088600848
user_37138594dedb,9408621182
user_8ad7bad553fa,9339845461
user_0b66766224b8,9567933410
user_16335deb38ee,9166687002
user_d0adfb4354dd,9176591803
user_bf62be011e73,9397401489
user_2e93bd54887b,9025039261
user_7f6124e6bc8e,9429396856
user_5fca0e2074bb,9218501631
user_027117166352,9599965047
user_9bc2a43d299b,9735866296
user_096d5d727c72,9194311426
user_b4e7980f4850,9265511047
user_8abd114157e6,9541212678
user_f070ec036198,9886101581
user_92452ae256ce,9995604661
user_9fe0e01dac2e,9839826224
user_bca1bea74bc3,9447212646
user_aa1184c56fd4,9471543799
user_9dbb1e0971b4,9371240659
user_2df81f34148d,9657569245
user_dbee38201e25,9937526547
user_d27f939878f8,9935646519
user_e40449889683,9398280737
user_53f482e4ce44,9416724342
user_6abd1fe677b3,9661797968
user_4e9bc09286fa,9868058911
user_db124475cd69,9352909656
user_f3f0d944ac9b,9101438889
user_35beeaad3f58,9937567982
user_3041368b1621,9507146112
user_cffca7caa656,9545738757
user_d08cfc56b56e,9177514010
user_46937969a454,9512382825
user_64b25ed15dc0,9867362266
user_12462848dfef,9093796603
user_5171abfb61ef,9341918255
user_24974dc974fa,9371478596
user_9c442a1de1b0,9969155792
user_4ef993c84fd4,9499125134
user_61b6633664b2,9125286692
user_a109ac2b9148,9966278282
user_231f48e5ce96,9742257905
user_c52edf68cc13,9072368876
user_2ae9912b75c8,9767721903
user_1fdade057bc6,9404384279
user_20a045ee3e48,9788191485
user_a98ed1337e29,9807836134
user_7cd30635cfe6,9074517133
user_6711ddeb2aad,9959629233
user_30610decc171,9095849825
user_765919f418ac,9449481260
user_fb5ba331e459,9422325367
user_58bf4ab04971,9294667116
user_8847cd532391,9845775901
user_34477ab0f697,9751863637
user_ba58426985cb,9454589297
user_b4b49c45c1a6,9500170127
user_215ce09c0801,9706324241
user_b5cc840cd650,9541520643
user_6314c796a098,9611037129
user_29ccdde53c1e,9387005162
user_39db3c71005e,9713611155
user_91e9f67de151,9426221890
user_58f741882821,9927532697
user_c3502c720936,9311219656
user_126f39f80c11,9523413899
user_1892bd641cf3,9940438983
user_505c6e003a75,9640376137
user_b16bbece83db,9918055269
user_ed68d0818db9,9658271091
user_2debbc14e4cc,9043006848
user_b94a98e73e82,9666188924
user_5f503c5679ff,9141832856
user_c747318d8eb8,9914630316
user_987ac4253467,9179904210
user_fefc13cb6d22,9202758842
user_82616194a277,9524105648
user_0356c4b83db3,9149177850
user_f5ed21789335,9792524191
user_ad739f4bea88,9380003075
user_879cbb41f21c,9622086353
user_23bd46e9fb14,9654195180
user_4aabec6708ad,9238061744
user_442e2b66e011,9518705349
user_6bd5e68406ff,9493759738
user_c420fc6280e6,9320603850
user_1c6f1b48e8c7,9506413836
user_9325c6047711,9702410386
user_34fa0eff51cc,9571918261
user_eb0f15083acd,9990623445
user_6a5cef092813,9655743132
user_9c0125e388dd,9912127756
user_f3f498c169b4,9185374741
user_bbef4379d822,9124903521
user_b9b1cda6fe89,9356804420
user_481012a2d920,9678831712
user_1a2bfeb7c38d,9100323651
user_0d9ba0a55f10,9994101372
user_5d3f5080c23b,9151070296
user_06c0b0f55474,9670662532
user_5cf52b8e1d74,9447209993
user_44741f911e1e,9476870146
user_cc186ba58506,9263838065
user_93262c49452f,9787598564
user_dd70708177fe,9205930407
user_c92a900555ee,9859321334
user_2477b7acfd9a,9803965223
user_76dd610c0a4f,9955905992
user_5519da4a43e4,9937842701
user_f9ebe24f33ca,9039308705
user_c55d3f4cbf81,9932525002
user_5e832a28135c,9921851569
user_5fa7d5d46123,9154522675
user_410cbcfb0bbf,9289539264
user_ab39e2b5b06d,9422096902
user_3cc5b5141a3e,9959391725
user_a58c4dfd86e6,9135521570
user_47a4cbec275e,9433154100
user_4a9a75dfd68b,9676267658
user_a4be787828fa,9617932710
user_90a3125377d0,9405411526
user_d1a6877a67d6,9218159970
user_fbc2eca8eb15,9629620153
user_b5a24604c6c4,9368844431
user_8542592e6af7,9069872050
user_b3cef11ea80d,9614973103
user_f2ec830f7958,9241714677
user_7d1a1216f622,9418625652
user_64b846d9b1b5,9704774349
user_20a956b283cf,9021158693
user_da2321d35fcb,9806868793
user_47cec8d757ac,9741608989
user_9dcedd3333fb,9921722332
user_cfaae55ce54b,9061632945
user_2d9a49c46975,9116868548
user_ac4707ca589a,9709986162
user_38c1359a6f03,9299911914
user_11b78793e861,9856467997
user_d8633b8f5e3b,9024629960
user_9641c4e75f1c,9653074505
user_8e3f5615d937,9444713247
user_b6afe45d1017,9546913736
user_e5fc4de6b10c,9785082148
user_971f3bbede0c,9628902330
user_d6c7a028823f,9307053457
user_4d0357454aae,9861035797
user_3ea2c31712c8,9279855241
user_1bc742063bae,9406029333
user_3dcc71df682a,9346800722
user_f7417fe42e9f,9903494466
user_07a3287b8898,9574374896
user_c3b0dae3e085,9910858994
user_716dd8f0edd2,9417154544
user_e962fe287ebb,9432830965
user_df22a144944f,9207446660
user_1543a9a30280,9993538758
user_eef3935c12d3,9428241724
user_1c17fbee7c6c,9825135346
user_741ef4b59608,9554947170
user_72243796ca3b,9999173816
user_f2b5724bdb85,9846022356
user_08cd0b4ca0c7,9972521752
user_24a7b2a5a3f6,9500743292
user_1802080afa45,9712966667
user_763def592e6c,9600835058
user_c28386a8c7fb,9300335421
user_b86bedf16c44,9689421044
user_4b89547027d0,9789856257
user_3bb3ca06869c,9532603323
user_03d98b9fc119,9098215064
user_aff56bb9664a,9890901001
user_c5d6ef6bc8b0,9676184723
user_74295be0f38b,9046184992
user_b599529feb6b,9618914117
user_f3ae910e5714,9393483564
user_8aa6100a6586,9208737530
user_9c251ffd2d35,9011972181
user_ef1d96a7f526,9143744701
user_30cdcff999f7,9204556110
user_3c643cb85f6a,9022557941
user_3f9a1ab8e74e,9552166746
user_0dd63e4f8b3e,9762120216
user_a0c25bcabc18,9979729659
user_9dcf051b716b,9027716701
user_9a8f3c502eec,9450899358
user_b2afd7db097f,9891637562
user_e02cc3f35020,9890028772
user_1399a6a19a6e,9175354083
user_ab4f944d88a0,9866317797
user_ba44add10947,9177517016
user_4997db2c6d54,9608801994
user_71533cc21222,9883755037
user_1977fe83d240,9589975711
user_e70986d48cd8,9305548851
user_4d27d86f67c3,9027261493
user_50189bab8558,9316373516
user_87e797595ba1,9091779827
user_27f13405e958,9080869782
user_f43f411ecd67,9922169958
user_07c4ce54080e,9669346547
user_0995aef07f2d,9226984858
user_f1e236a41cf1,9333945228
user_74c49fb8564a,9851587996
user_0d0c598a3d91,9846081062
user_85e3b97aa1dc,9003424420
user_d51cff453aba,9438057198
user_555806dcfdf7,9386384066
user_e886c437cb85,9658004397
user_5490faf40b57,9359893347
user_f158935c2105,9212281606
user_2f2aba030077,9484229405
user_46d244130657,9720259094
user_81d018cee821,9798515832
user_8d7eece11d31,9818268861
